res_name,hydrophobicity_cutoff,minimum_blob_length,blob_hydrophobicty_class,blob_charge_class,blob_length
M,0.4,4,p,1,10
S,0.4,4,p,1,10
P,0.4,4,p,1,10
Q,0.4,4,p,1,10
T,0.4,4,p,1,10
E,0.4,4,p,1,10
T,0.4,4,p,1,10
K,0.4,4,p,1,10
A,0.4,4,p,1,10
S,0.4,4,p,1,10
V,0.4,4,h,2,8
G,0.4,4,h,2,8
F,0.4,4,h,2,8
K,0.4,4,h,2,8
A,0.4,4,h,2,8
G,0.4,4,h,2,8
V,0.4,4,h,2,8
K,0.4,4,h,2,8
D,0.4,4,p,3,17
Y,0.4,4,p,3,17
K,0.4,4,p,3,17
L,0.4,4,p,3,17
T,0.4,4,p,3,17
Y,0.4,4,p,3,17
Y,0.4,4,p,3,17
T,0.4,4,p,3,17
P,0.4,4,p,3,17
E,0.4,4,p,3,17
Y,0.4,4,p,3,17
E,0.4,4,p,3,17
T,0.4,4,p,3,17
K,0.4,4,p,3,17
D,0.4,4,p,3,17
T,0.4,4,p,3,17
D,0.4,4,p,3,17
I,0.4,4,h,1,9
L,0.4,4,h,1,9
A,0.4,4,h,1,9
A,0.4,4,h,1,9
F,0.4,4,h,1,9
R,0.4,4,h,1,9
V,0.4,4,h,1,9
T,0.4,4,h,1,9
P,0.4,4,h,1,9
Q,0.4,4,p,1,9
P,0.4,4,p,1,9
G,0.4,4,p,1,9
V,0.4,4,p,1,9
P,0.4,4,p,1,9
P,0.4,4,p,1,9
E,0.4,4,p,1,9
E,0.4,4,p,1,9
A,0.4,4,p,1,9
G,0.4,4,h,1,8
A,0.4,4,h,1,8
A,0.4,4,h,1,8
V,0.4,4,h,1,8
A,0.4,4,h,1,8
A,0.4,4,h,1,8
E,0.4,4,h,1,8
S,0.4,4,h,1,8
S,0.4,4,s,1,1
T,0.4,4,h,1,9
G,0.4,4,h,1,9
T,0.4,4,h,1,9
W,0.4,4,h,1,9
T,0.4,4,h,1,9
T,0.4,4,h,1,9
V,0.4,4,h,1,9
W,0.4,4,h,1,9
T,0.4,4,h,1,9
D,0.4,4,s,4,2
G,0.4,4,s,4,2
L,0.4,4,h,1,5
T,0.4,4,h,1,5
S,0.4,4,h,1,5
L,0.4,4,h,1,5
D,0.4,4,h,1,5
R,0.4,4,p,5,7
Y,0.4,4,p,5,7
K,0.4,4,p,5,7
G,0.4,4,p,5,7
R,0.4,4,p,5,7
C,0.4,4,p,5,7
Y,0.4,4,p,5,7
H,0.4,4,h,2,8
I,0.4,4,h,2,8
E,0.4,4,h,2,8
P,0.4,4,h,2,8
V,0.4,4,h,2,8
A,0.4,4,h,2,8
G,0.4,4,h,2,8
E,0.4,4,h,2,8
E,0.4,4,p,2,4
N,0.4,4,p,2,4
Q,0.4,4,p,2,4
Y,0.4,4,p,2,4
I,0.4,4,h,1,12
C,0.4,4,h,1,12
Y,0.4,4,h,1,12
V,0.4,4,h,1,12
A,0.4,4,h,1,12
Y,0.4,4,h,1,12
P,0.4,4,h,1,12
L,0.4,4,h,1,12
D,0.4,4,h,1,12
L,0.4,4,h,1,12
F,0.4,4,h,1,12
E,0.4,4,h,1,12
E,0.4,4,s,2,3
G,0.4,4,s,2,3
S,0.4,4,s,2,3
V,0.4,4,h,1,23
T,0.4,4,h,1,23
N,0.4,4,h,1,23
M,0.4,4,h,1,23
F,0.4,4,h,1,23
T,0.4,4,h,1,23
S,0.4,4,h,1,23
I,0.4,4,h,1,23
V,0.4,4,h,1,23
G,0.4,4,h,1,23
N,0.4,4,h,1,23
V,0.4,4,h,1,23
F,0.4,4,h,1,23
G,0.4,4,h,1,23
F,0.4,4,h,1,23
K,0.4,4,h,1,23
A,0.4,4,h,1,23
L,0.4,4,h,1,23
R,0.4,4,h,1,23
A,0.4,4,h,1,23
L,0.4,4,h,1,23
R,0.4,4,h,1,23
L,0.4,4,h,1,23
E,0.4,4,p,3,4
D,0.4,4,p,3,4
L,0.4,4,p,3,4
R,0.4,4,p,3,4
I,0.4,4,h,1,11
P,0.4,4,h,1,11
T,0.4,4,h,1,11
A,0.4,4,h,1,11
Y,0.4,4,h,1,11
V,0.4,4,h,1,11
K,0.4,4,h,1,11
T,0.4,4,h,1,11
F,0.4,4,h,1,11
Q,0.4,4,h,1,11
G,0.4,4,h,1,11
P,0.4,4,p,2,18
P,0.4,4,p,2,18
H,0.4,4,p,2,18
G,0.4,4,p,2,18
I,0.4,4,p,2,18
Q,0.4,4,p,2,18
V,0.4,4,p,2,18
E,0.4,4,p,2,18
R,0.4,4,p,2,18
D,0.4,4,p,2,18
K,0.4,4,p,2,18
L,0.4,4,p,2,18
N,0.4,4,p,2,18
K,0.4,4,p,2,18
Y,0.4,4,p,2,18
G,0.4,4,p,2,18
R,0.4,4,p,2,18
P,0.4,4,p,2,18
L,0.4,4,h,1,8
L,0.4,4,h,1,8
G,0.4,4,h,1,8
C,0.4,4,h,1,8
T,0.4,4,h,1,8
I,0.4,4,h,1,8
K,0.4,4,h,1,8
P,0.4,4,h,1,8
K,0.4,4,s,5,1
L,0.4,4,h,1,5
G,0.4,4,h,1,5
L,0.4,4,h,1,5
S,0.4,4,h,1,5
A,0.4,4,h,1,5
K,0.4,4,p,2,6
N,0.4,4,p,2,6
Y,0.4,4,p,2,6
G,0.4,4,p,2,6
R,0.4,4,p,2,6
A,0.4,4,p,2,6
V,0.4,4,h,2,7
Y,0.4,4,h,2,7
E,0.4,4,h,2,7
C,0.4,4,h,2,7
L,0.4,4,h,2,7
R,0.4,4,h,2,7
G,0.4,4,h,2,7
G,0.4,4,s,1,1
L,0.4,4,h,3,5
D,0.4,4,h,3,5
F,0.4,4,h,3,5
T,0.4,4,h,3,5
K,0.4,4,h,3,5
D,0.4,4,p,3,17
D,0.4,4,p,3,17
E,0.4,4,p,3,17
N,0.4,4,p,3,17
V,0.4,4,p,3,17
N,0.4,4,p,3,17
S,0.4,4,p,3,17
Q,0.4,4,p,3,17
P,0.4,4,p,3,17
F,0.4,4,p,3,17
M,0.4,4,p,3,17
R,0.4,4,p,3,17
W,0.4,4,p,3,17
R,0.4,4,p,3,17
D,0.4,4,p,3,17
R,0.4,4,p,3,17
F,0.4,4,p,3,17
L,0.4,4,h,1,9
F,0.4,4,h,1,9
C,0.4,4,h,1,9
A,0.4,4,h,1,9
E,0.4,4,h,1,9
A,0.4,4,h,1,9
I,0.4,4,h,1,9
Y,0.4,4,h,1,9
K,0.4,4,h,1,9
S,0.4,4,p,2,12
Q,0.4,4,p,2,12
A,0.4,4,p,2,12
E,0.4,4,p,2,12
T,0.4,4,p,2,12
G,0.4,4,p,2,12
E,0.4,4,p,2,12
I,0.4,4,p,2,12
K,0.4,4,p,2,12
G,0.4,4,p,2,12
H,0.4,4,p,2,12
Y,0.4,4,p,2,12
L,0.4,4,h,1,9
N,0.4,4,h,1,9
A,0.4,4,h,1,9
T,0.4,4,h,1,9
A,0.4,4,h,1,9
G,0.4,4,h,1,9
T,0.4,4,h,1,9
C,0.4,4,h,1,9
E,0.4,4,h,1,9
E,0.4,4,p,3,6
M,0.4,4,p,3,6
M,0.4,4,p,3,6
K,0.4,4,p,3,6
R,0.4,4,p,3,6
A,0.4,4,p,3,6
I,0.4,4,h,2,4
F,0.4,4,h,2,4
A,0.4,4,h,2,4
R,0.4,4,h,2,4
E,0.4,4,s,4,2
L,0.4,4,s,4,2
G,0.4,4,h,1,7
V,0.4,4,h,1,7
P,0.4,4,h,1,7
I,0.4,4,h,1,7
V,0.4,4,h,1,7
M,0.4,4,h,1,7
H,0.4,4,h,1,7
D,0.4,4,s,4,2
Y,0.4,4,s,4,2
L,0.4,4,h,1,9
T,0.4,4,h,1,9
G,0.4,4,h,1,9
G,0.4,4,h,1,9
F,0.4,4,h,1,9
T,0.4,4,h,1,9
A,0.4,4,h,1,9
N,0.4,4,h,1,9
T,0.4,4,h,1,9
S,0.4,4,p,1,10
L,0.4,4,p,1,10
A,0.4,4,p,1,10
H,0.4,4,p,1,10
Y,0.4,4,p,1,10
C,0.4,4,p,1,10
R,0.4,4,p,1,10
D,0.4,4,p,1,10
N,0.4,4,p,1,10
G,0.4,4,p,1,10
L,0.4,4,h,1,6
L,0.4,4,h,1,6
L,0.4,4,h,1,6
H,0.4,4,h,1,6
I,0.4,4,h,1,6
H,0.4,4,h,1,6
R,0.4,4,s,5,2
A,0.4,4,s,5,2
M,0.4,4,h,1,6
H,0.4,4,h,1,6
A,0.4,4,h,1,6
V,0.4,4,h,1,6
I,0.4,4,h,1,6
D,0.4,4,h,1,6
R,0.4,4,p,2,10
Q,0.4,4,p,2,10
K,0.4,4,p,2,10
N,0.4,4,p,2,10
H,0.4,4,p,2,10
G,0.4,4,p,2,10
I,0.4,4,p,2,10
H,0.4,4,p,2,10
F,0.4,4,p,2,10
R,0.4,4,p,2,10
V,0.4,4,h,2,8
L,0.4,4,h,2,8
A,0.4,4,h,2,8
K,0.4,4,h,2,8
A,0.4,4,h,2,8
L,0.4,4,h,2,8
R,0.4,4,h,2,8
M,0.4,4,h,2,8
S,0.4,4,p,1,9
G,0.4,4,p,1,9
G,0.4,4,p,1,9
D,0.4,4,p,1,9
H,0.4,4,p,1,9
I,0.4,4,p,1,9
H,0.4,4,p,1,9
S,0.4,4,p,1,9
G,0.4,4,p,1,9
T,0.4,4,h,1,6
V,0.4,4,h,1,6
V,0.4,4,h,1,6
G,0.4,4,h,1,6
K,0.4,4,h,1,6
L,0.4,4,h,1,6
E,0.4,4,p,3,6
G,0.4,4,p,3,6
E,0.4,4,p,3,6
R,0.4,4,p,3,6
D,0.4,4,p,3,6
I,0.4,4,p,3,6
T,0.4,4,h,1,9
L,0.4,4,h,1,9
G,0.4,4,h,1,9
F,0.4,4,h,1,9
V,0.4,4,h,1,9
D,0.4,4,h,1,9
L,0.4,4,h,1,9
L,0.4,4,h,1,9
R,0.4,4,h,1,9
D,0.4,4,p,3,11
D,0.4,4,p,3,11
F,0.4,4,p,3,11
I,0.4,4,p,3,11
E,0.4,4,p,3,11
K,0.4,4,p,3,11
D,0.4,4,p,3,11
R,0.4,4,p,3,11
S,0.4,4,p,3,11
R,0.4,4,p,3,11
G,0.4,4,p,3,11
I,0.4,4,h,1,5
Y,0.4,4,h,1,5
F,0.4,4,h,1,5
T,0.4,4,h,1,5
Q,0.4,4,h,1,5
D,0.4,4,s,4,2
W,0.4,4,s,4,2
V,0.4,4,h,1,19
S,0.4,4,h,1,19
L,0.4,4,h,1,19
P,0.4,4,h,1,19
G,0.4,4,h,1,19
V,0.4,4,h,1,19
L,0.4,4,h,1,19
P,0.4,4,h,1,19
V,0.4,4,h,1,19
A,0.4,4,h,1,19
S,0.4,4,h,1,19
G,0.4,4,h,1,19
G,0.4,4,h,1,19
I,0.4,4,h,1,19
H,0.4,4,h,1,19
V,0.4,4,h,1,19
W,0.4,4,h,1,19
H,0.4,4,h,1,19
M,0.4,4,h,1,19
P,0.4,4,s,1,1
A,0.4,4,h,2,8
L,0.4,4,h,2,8
T,0.4,4,h,2,8
E,0.4,4,h,2,8
I,0.4,4,h,2,8
F,0.4,4,h,2,8
G,0.4,4,h,2,8
D,0.4,4,h,2,8
D,0.4,4,s,4,2
S,0.4,4,s,4,2
V,0.4,4,h,1,11
L,0.4,4,h,1,11
Q,0.4,4,h,1,11
F,0.4,4,h,1,11
G,0.4,4,h,1,11
G,0.4,4,h,1,11
G,0.4,4,h,1,11
T,0.4,4,h,1,11
L,0.4,4,h,1,11
G,0.4,4,h,1,11
H,0.4,4,h,1,11
P,0.4,4,p,1,6
W,0.4,4,p,1,6
G,0.4,4,p,1,6
N,0.4,4,p,1,6
A,0.4,4,p,1,6
P,0.4,4,p,1,6
G,0.4,4,h,1,5
A,0.4,4,h,1,5
V,0.4,4,h,1,5
A,0.4,4,h,1,5
N,0.4,4,h,1,5
R,0.4,4,s,5,2
V,0.4,4,s,5,2
A,0.4,4,h,1,8
L,0.4,4,h,1,8
E,0.4,4,h,1,8
A,0.4,4,h,1,8
C,0.4,4,h,1,8
V,0.4,4,h,1,8
Q,0.4,4,h,1,8
A,0.4,4,h,1,8
R,0.4,4,p,3,24
N,0.4,4,p,3,24
E,0.4,4,p,3,24
G,0.4,4,p,3,24
R,0.4,4,p,3,24
D,0.4,4,p,3,24
L,0.4,4,p,3,24
A,0.4,4,p,3,24
R,0.4,4,p,3,24
E,0.4,4,p,3,24
G,0.4,4,p,3,24
N,0.4,4,p,3,24
E,0.4,4,p,3,24
I,0.4,4,p,3,24
I,0.4,4,p,3,24
R,0.4,4,p,3,24
E,0.4,4,p,3,24
A,0.4,4,p,3,24
C,0.4,4,p,3,24
K,0.4,4,p,3,24
W,0.4,4,p,3,24
S,0.4,4,p,3,24
P,0.4,4,p,3,24
E,0.4,4,p,3,24
L,0.4,4,h,1,9
A,0.4,4,h,1,9
A,0.4,4,h,1,9
A,0.4,4,h,1,9
C,0.4,4,h,1,9
E,0.4,4,h,1,9
V,0.4,4,h,1,9
W,0.4,4,h,1,9
K,0.4,4,h,1,9
E,0.4,4,p,3,7
I,0.4,4,p,3,7
K,0.4,4,p,3,7
F,0.4,4,p,3,7
E,0.4,4,p,3,7
F,0.4,4,p,3,7
Q,0.4,4,p,3,7
A,0.4,4,h,1,5
M,0.4,4,h,1,5
D,0.4,4,h,1,5
T,0.4,4,h,1,5
L,0.4,4,h,1,5
